Date,Open,High,Low,Close,Volume
"07/22/2025,""132.32"",""132.52"",""131.79"",""131.83"",""27,631"""
"07/21/2025,""132.89"",""133.03"",""132.54"",""132.66"",""11,661"""
"07/18/2025,""133.15"",""133.15"",""132.49"",""132.52"",""23,964"""
"07/17/2025,""132.78"",""133.03"",""132.40"",""133.01"",""21,023"""
"07/16/2025,""131.46"",""132.42"",""130.57"",""130.57"",""31,443"""
"07/15/2025,""132.08"",""133.00"",""131.94"",""132.25"",""28,800"""
"07/14/2025,""131.01"",""131.47"",""130.80"",""131.43"",""10,866"""
"07/11/2025,""131.75"",""131.79"",""130.96"",""131.20"",""17,154"""
"07/10/2025,""131.08"",""131.97"",""131.03"",""131.97"",""19,557"""
"07/09/2025,""130.62"",""131.50"",""130.54"",""131.08"",""14,393"""
"07/08/2025,""130.49"",""131.02"",""130.40"",""130.73"",""15,134"""
"07/07/2025,""130.45"",""131.08"",""130.39"",""130.67"",""12,478"""
"07/04/2025,""130.53"",""130.55"",""130.08"",""130.29"",""13,428"""
"07/03/2025,""130.20"",""131.27"",""130.03"",""131.19"",""10,921"""
"07/02/2025,""130.07"",""130.13"",""129.50"",""129.90"",""13,844"""
"07/01/2025,""129.87"",""129.89"",""129.07"",""129.61"",""44,028"""
"06/30/2025,""130.15"",""130.26"",""129.75"",""129.77"",""20,013"""
"06/27/2025,""129.68"",""130.09"",""129.35"",""130.07"",""31,424"""
"06/26/2025,""128.97"",""129.33"",""128.62"",""129.16"",""12,559"""
"06/25/2025,""129.60"",""129.71"",""129.05"",""129.07"",""19,932"""
"06/24/2025,""129.29"",""129.37"",""128.80"",""129.17"",""22,285"""
"06/23/2025,""127.60"",""128.38"",""127.51"",""127.93"",""20,214"""
"06/20/2025,""128.04"",""128.82"",""127.70"",""127.97"",""72,219"""
"06/19/2025,""128.47"",""128.51"",""127.54"",""127.64"",""15,994"""
"06/18/2025,""128.76"",""129.19"",""128.48"",""128.74"",""12,526"""
"06/17/2025,""128.60"",""129.04"",""128.20"",""128.81"",""23,706"""
"06/16/2025,""128.58"",""129.27"",""128.42"",""129.20"",""25,907"""
"06/13/2025,""128.01"",""129.10"",""127.84"",""128.61"",""25,147"""
"06/12/2025,""129.46"",""129.50"",""128.10"",""129.20"",""12,259"""
"06/11/2025,""130.74"",""130.86"",""130.32"",""130.35"",""14,535"""
"06/10/2025,""130.49"",""130.59"",""130.16"",""130.32"",""9,266"""
"06/09/2025,""130.14"",""130.58"",""130.04"",""130.24"",""31,691"""
"06/06/2025,""129.39"",""130.64"",""129.28"",""130.18"",""17,886"""
"06/05/2025,""129.57"",""130.15"",""128.57"",""129.69"",""26,043"""
"06/04/2025,""129.71"",""129.99"",""129.21"",""129.57"",""20,234"""
"06/03/2025,""128.37"",""129.43"",""127.95"",""129.43"",""11,585"""
"06/02/2025,""127.83"",""128.26"",""127.20"",""127.88"",""24,662"""
"05/30/2025,""128.84"",""129.16"",""128.12"",""128.53"",""8,336"""
"05/29/2025,""130.69"",""131.11"",""128.48"",""128.57"",""33,476"""
"05/28/2025,""129.36"",""129.62"",""128.90"",""129.17"",""17,332"""
"05/27/2025,""128.33"",""129.10"",""128.09"",""129.01"",""17,792"""
"05/26/2025,""127.92"",""128.35"",""127.88"",""128.17"",""10,911"""
"05/23/2025,""128.23"",""128.35"",""126.00"",""127.10"",""28,260"""
"05/22/2025,""128.32"",""128.43"",""127.45"",""128.38"",""40,262"""
"05/21/2025,""129.15"",""129.37"",""128.42"",""129.36"",""28,888"""
"05/20/2025,""130.00"",""130.64"",""129.84"",""130.24"",""20,381"""
"05/19/2025,""129.48"",""130.04"",""128.52"",""130.04"",""25,655"""
"05/16/2025,""129.92"",""130.67"",""129.87"",""130.65"",""21,067"""
"05/15/2025,""128.93"",""129.86"",""128.67"",""129.86"",""35,332"""
"05/14/2025,""129.58"",""129.76"",""128.74"",""129.35"",""21,335"""
"05/13/2025,""129.04"",""130.00"",""128.92"",""129.70"",""28,403"""
"05/12/2025,""128.23"",""129.90"",""127.75"",""128.88"",""49,575"""
"05/09/2025,""125.17"",""125.66"",""124.42"",""124.87"",""24,761"""
"05/08/2025,""124.74"",""125.17"",""123.89"",""124.97"",""35,161"""
"05/07/2025,""123.38"",""123.65"",""122.80"",""123.11"",""15,359"""
"05/06/2025,""123.92"",""124.00"",""122.85"",""123.68"",""15,374"""
"05/05/2025,""124.02"",""124.53"",""123.59"",""124.43"",""33,842"""
"05/02/2025,""123.44"",""124.35"",""123.06"",""124.09"",""33,538"""
"04/30/2025,""121.33"",""121.94"",""119.33"",""121.02"",""21,805"""
"04/29/2025,""120.75"",""121.13"",""120.08"",""120.86"",""20,841"""
"04/28/2025,""120.77"",""121.19"",""120.05"",""120.10"",""20,983"""
"04/25/2025,""120.62"",""120.67"",""119.45"",""119.95"",""27,211"""
"04/24/2025,""117.80"",""119.58"",""117.12"",""119.36"",""23,450"""
"04/23/2025,""117.86"",""119.94"",""117.69"",""118.54"",""40,808"""
"04/22/2025,""113.99"",""115.20"",""113.60"",""115.17"",""73,292"""
"04/17/2025,""116.29"",""116.75"",""115.20"",""115.90"",""30,778"""
"04/16/2025,""116.14"",""117.46"",""115.53"",""116.90"",""25,895"""
"04/15/2025,""117.58"",""118.73"",""117.08"",""118.30"",""82,009"""
"04/14/2025,""116.56"",""118.24"",""116.36"",""117.18"",""23,675"""
"04/11/2025,""115.20"",""115.32"",""112.40"",""113.92"",""61,206"""
"04/10/2025,""120.95"",""121.16"",""114.87"",""114.87"",""68,049"""
"04/09/2025,""111.39"",""112.31"",""108.60"",""110.66"",""90,466"""
"04/08/2025,""114.56"",""117.69"",""114.28"",""115.96"",""83,108"""
"04/07/2025,""108.10"",""115.08"",""107.88"",""112.48"",""112,399"""
"04/04/2025,""119.97"",""120.21"",""114.75"",""115.74"",""99,537"""
"04/03/2025,""123.02"",""123.63"",""120.37"",""121.37"",""60,994"""
"04/02/2025,""127.42"",""127.49"",""126.10"",""127.27"",""24,711"""
"04/01/2025,""127.11"",""127.72"",""126.04"",""127.62"",""38,705"""
"03/31/2025,""125.58"",""126.04"",""124.77"",""126.04"",""69,218"""
"03/28/2025,""128.77"",""129.25"",""126.80"",""126.90"",""29,088"""
"03/27/2025,""129.80"",""130.03"",""128.90"",""129.63"",""33,129"""
"03/26/2025,""130.97"",""131.04"",""129.82"",""130.00"",""28,162"""
"03/25/2025,""130.46"",""131.02"",""130.26"",""130.57"",""35,423"""
"03/24/2025,""129.60"",""130.59"",""129.41"",""130.47"",""18,729"""
"03/21/2025,""128.49"",""128.63"",""127.60"",""128.43"",""22,564"""
"03/20/2025,""129.06"",""129.60"",""127.97"",""128.72"",""41,633"""
"03/19/2025,""127.36"",""128.64"",""127.34"",""128.46"",""39,192"""
"03/18/2025,""127.82"",""128.27"",""126.77"",""127.20"",""69,745"""
"03/17/2025,""127.00"",""128.08"",""126.85"",""127.68"",""88,946"""
"03/14/2025,""126.07"",""127.41"",""125.80"",""127.05"",""68,411"""
"03/13/2025,""125.85"",""126.67"",""125.40"",""125.61"",""45,847"""
"03/12/2025,""125.73"",""127.29"",""125.00"",""126.32"",""55,517"""
"03/11/2025,""126.54"",""126.84"",""124.69"",""125.01"",""70,642"""
"03/10/2025,""129.38"",""129.44"",""127.03"",""127.45"",""107,538"""
"03/07/2025,""129.71"",""130.03"",""128.33"",""128.46"",""48,576"""
"03/06/2025,""131.32"",""131.44"",""129.50"",""130.66"",""70,926"""
"03/05/2025,""132.27"",""132.71"",""130.26"",""130.28"",""66,661"""
"03/04/2025,""134.44"",""134.49"",""131.65"",""131.85"",""70,734"""
"03/03/2025,""137.25"",""137.36"",""135.86"",""136.07"",""39,101"""
"02/28/2025,""135.36"",""136.11"",""134.86"",""135.72"",""42,079"""
"02/27/2025,""137.03"",""137.65"",""136.34"",""137.39"",""26,634"""
"02/26/2025,""136.83"",""137.49"",""136.60"",""137.24"",""21,633"""
"02/25/2025,""136.89"",""136.99"",""135.25"",""135.42"",""44,480"""
"02/24/2025,""137.78"",""138.20"",""136.76"",""137.35"",""48,569"""
"02/21/2025,""139.04"",""139.62"",""138.77"",""139.01"",""20,830"""
"02/20/2025,""139.68"",""139.93"",""138.64"",""138.77"",""30,068"""
"02/19/2025,""140.00"",""140.18"",""139.38"",""140.01"",""22,807"""
"02/18/2025,""139.75"",""140.13"",""139.43"",""139.57"",""41,994"""
"02/17/2025,""139.17"",""139.47"",""139.11"",""139.42"",""20,725"""
"02/14/2025,""139.19"",""139.24"",""138.56"",""138.64"",""27,120"""
"02/13/2025,""138.39"",""139.06"",""138.03"",""138.88"",""22,747"""
"02/12/2025,""138.93"",""139.39"",""138.00"",""138.28"",""41,935"""
"02/11/2025,""139.21"",""139.36"",""138.85"",""139.16"",""27,757"""
"02/10/2025,""139.10"",""139.71"",""138.95"",""139.52"",""29,841"""
"02/07/2025,""138.80"",""139.31"",""138.38"",""138.80"",""29,084"""
"02/06/2025,""138.51"",""139.01"",""138.47"",""138.90"",""31,380"""
"02/05/2025,""137.03"",""137.38"",""136.70"",""137.35"",""111,049"""
"02/04/2025,""137.47"",""137.90"",""136.88"",""137.88"",""39,858"""
"02/03/2025,""137.24"",""137.99"",""136.70"",""137.80"",""86,285"""
"01/31/2025,""138.60"",""139.18"",""138.60"",""138.90"",""22,652"""
"01/30/2025,""137.57"",""138.67"",""137.19"",""137.66"",""27,708"""
"01/29/2025,""137.61"",""137.85"",""137.05"",""137.14"",""22,099"""
"01/28/2025,""136.25"",""136.94"",""136.00"",""136.57"",""24,554"""
"01/27/2025,""135.44"",""135.51"",""133.50"",""134.88"",""29,048"""
"01/24/2025,""137.51"",""137.98"",""136.89"",""137.13"",""20,522"""
"01/23/2025,""137.36"",""137.81"",""137.09"",""137.64"",""14,114"""
"01/22/2025,""137.01"",""137.44"",""136.84"",""137.44"",""25,275"""
"01/21/2025,""136.37"",""136.99"",""136.27"",""136.44"",""25,209"""
"01/20/2025,""136.92"",""136.99"",""136.17"",""136.45"",""42,511"""
"01/17/2025,""136.07"",""137.21"",""135.97"",""137.03"",""24,781"""
"01/16/2025,""136.29"",""136.31"",""135.59"",""135.93"",""17,200"""
"01/15/2025,""133.43"",""135.49"",""133.36"",""135.40"",""36,317"""
"01/14/2025,""134.29"",""134.57"",""133.17"",""133.37"",""20,399"""
"01/13/2025,""133.49"",""133.85"",""132.87"",""133.47"",""18,264"""
"01/10/2025,""134.74"",""135.04"",""133.50"",""133.74"",""15,846"""
"01/09/2025,""134.68"",""135.10"",""134.62"",""135.09"",""8,843"""
"01/08/2025,""134.94"",""135.41"",""134.42"",""134.99"",""21,200"""
"01/07/2025,""134.91"",""136.62"",""134.70"",""134.99"",""25,946"""
"01/06/2025,""135.29"",""136.03"",""135.00"",""135.87"",""50,857"""
"01/03/2025,""134.77"",""135.20"",""134.42"",""135.19"",""30,933"""
"01/02/2025,""134.25"",""135.41"",""134.00"",""135.41"",""44,430"""
"12/30/2024,""134.03"",""134.26"",""132.75"",""133.63"",""24,657"""
"12/27/2024,""135.11"",""135.30"",""133.90"",""134.28"",""18,179"""
"12/23/2024,""134.03"",""134.18"",""133.34"",""133.76"",""17,430"""
"12/20/2024,""132.66"",""133.96"",""131.26"",""133.96"",""46,999"""
"12/19/2024,""133.49"",""135.08"",""133.19"",""133.82"",""50,332"""
"12/18/2024,""135.69"",""136.06"",""135.36"",""135.80"",""15,149"""
"12/17/2024,""135.50"",""135.94"",""135.14"",""135.43"",""28,272"""
"12/16/2024,""135.64"",""136.35"",""135.47"",""135.93"",""22,038"""
"12/13/2024,""136.49"",""136.63"",""135.45"",""135.61"",""17,694"""
"12/12/2024,""136.51"",""136.74"",""136.12"",""136.48"",""15,302"""
"12/11/2024,""135.80"",""136.73"",""135.67"",""136.73"",""15,732"""
"12/10/2024,""135.64"",""136.16"",""135.56"",""135.95"",""19,863"""
"12/09/2024,""136.43"",""136.50"",""135.60"",""135.94"",""25,078"""
"12/06/2024,""135.62"",""136.33"",""135.50"",""136.02"",""11,645"""
"12/05/2024,""136.13"",""136.38"",""135.73"",""135.96"",""14,158"""
"12/04/2024,""135.96"",""136.63"",""135.75"",""136.04"",""16,392"""
"12/03/2024,""135.90"",""135.92"",""135.36"",""135.70"",""16,399"""
"12/02/2024,""135.02"",""135.83"",""134.89"",""135.74"",""44,015"""
"11/29/2024,""133.81"",""134.56"",""133.74"",""134.54"",""33,048"""
"11/28/2024,""134.09"",""134.18"",""133.80"",""134.02"",""7,986"""
"11/27/2024,""134.51"",""134.58"",""133.40"",""133.46"",""25,031"""
"11/26/2024,""134.14"",""134.62"",""133.73"",""134.54"",""14,739"""
"11/25/2024,""135.00"",""135.11"",""134.23"",""134.49"",""22,117"""
"11/22/2024,""133.61"",""135.43"",""133.57"",""134.79"",""32,098"""
"11/21/2024,""132.19"",""133.30"",""131.78"",""133.36"",""26,621"""
"11/20/2024,""132.23"",""132.44"",""131.43"",""131.78"",""13,659"""
"11/19/2024,""131.94"",""132.00"",""130.29"",""131.64"",""21,429"""
"11/18/2024,""131.50"",""131.82"",""131.11"",""131.82"",""19,207"""
"11/15/2024,""131.96"",""132.12"",""131.32"",""131.43"",""18,839"""
"11/14/2024,""133.01"",""133.75"",""132.73"",""132.88"",""10,692"""
"11/13/2024,""132.33"",""132.96"",""131.95"",""132.96"",""15,470"""
"11/12/2024,""132.88"",""133.12"",""132.50"",""132.60"",""43,023"""
"11/11/2024,""132.86"",""133.54"",""132.78"",""133.26"",""32,320"""
"11/08/2024,""131.80"",""131.97"",""130.95"",""131.97"",""12,402"""
"11/07/2024,""131.16"",""131.46"",""130.97"",""131.41"",""22,466"""
"11/06/2024,""130.53"",""131.50"",""129.97"",""130.35"",""38,150"""
"11/05/2024,""126.45"",""127.03"",""126.22"",""126.95"",""24,428"""
"11/04/2024,""126.52"",""126.66"",""126.00"",""126.29"",""17,617"""
"11/01/2024,""126.26"",""127.40"",""126.21"",""127.28"",""15,424"""
"10/31/2024,""127.10"",""127.16"",""125.95"",""126.21"",""36,524"""
"10/30/2024,""128.94"",""128.94"",""128.08"",""128.27"",""12,684"""
"10/29/2024,""129.10"",""129.24"",""128.86"",""129.08"",""10,340"""
"10/28/2024,""129.16"",""129.23"",""128.68"",""128.93"",""12,951"""
"10/25/2024,""128.55"",""129.25"",""128.41"",""129.04"",""9,897"""
"10/24/2024,""129.00"",""129.27"",""128.57"",""128.57"",""16,699"""
"10/23/2024,""129.60"",""129.73"",""128.74"",""128.79"",""10,382"""
"10/22/2024,""129.30"",""129.42"",""128.68"",""129.21"",""20,787"""
"10/21/2024,""129.64"",""129.76"",""129.01"",""129.08"",""24,728"""
"10/18/2024,""129.63"",""129.93"",""129.40"",""129.68"",""16,106"""
"10/17/2024,""129.30"",""130.32"",""129.14"",""129.72"",""20,227"""
"10/16/2024,""128.44"",""128.81"",""128.25"",""128.72"",""38,961"""
"10/15/2024,""129.39"",""129.43"",""128.48"",""128.61"",""30,685"""
"10/14/2024,""128.42"",""129.31"",""128.31"",""129.07"",""30,133"""
"10/11/2024,""127.45"",""128.33"",""127.16"",""128.17"",""28,667"""
"10/10/2024,""127.77"",""127.83"",""127.10"",""127.75"",""35,138"""
"10/09/2024,""126.53"",""127.39"",""126.40"",""127.38"",""19,251"""
"10/08/2024,""125.67"",""126.76"",""125.60"",""126.76"",""20,457"""
"10/07/2024,""127.25"",""127.27"",""126.75"",""126.99"",""16,698"""
"10/04/2024,""125.78"",""127.40"",""125.75"",""126.59"",""53,259"""
"10/03/2024,""125.94"",""125.98"",""125.30"",""125.84"",""21,009"""
"10/02/2024,""125.80"",""126.22"",""125.32"",""126.19"",""25,775"""
"10/01/2024,""125.80"",""126.40"",""124.95"",""125.42"",""56,315"""
"09/30/2024,""125.34"",""125.57"",""124.57"",""125.22"",""10,883"""
"09/27/2024,""125.64"",""125.78"",""125.35"",""125.60"",""31,840"""
"09/26/2024,""125.51"",""126.14"",""125.11"",""125.15"",""13,665"""
"09/25/2024,""123.83"",""124.50"",""123.82"",""124.48"",""9,116"""
"09/24/2024,""124.73"",""124.73"",""123.98"",""124.43"",""71,895"""
"09/23/2024,""123.59"",""124.28"",""123.56"",""124.15"",""21,093"""
"09/20/2024,""123.63"",""123.81"",""123.10"",""123.33"",""13,771"""
"09/19/2024,""123.38"",""124.27"",""123.23"",""124.03"",""17,915"""
"09/18/2024,""122.68"",""122.70"",""122.23"",""122.30"",""12,330"""
"09/17/2024,""122.64"",""123.11"",""122.57"",""122.89"",""15,407"""
"09/16/2024,""122.29"",""122.53"",""121.89"",""122.18"",""21,911"""
"09/13/2024,""122.24"",""122.72"",""122.06"",""122.69"",""17,364"""
"09/12/2024,""122.20"",""122.21"",""121.43"",""121.84"",""14,233"""
"09/11/2024,""120.29"",""121.59"",""119.23"",""119.71"",""26,781"""
"09/10/2024,""120.02"",""120.65"",""120.00"",""120.35"",""18,672"""
"09/09/2024,""119.59"",""120.44"",""119.55"",""120.04"",""8,235"""
"09/06/2024,""119.96"",""120.77"",""118.60"",""118.76"",""19,553"""
"09/05/2024,""120.81"",""121.34"",""120.32"",""120.42"",""42,560"""
"09/04/2024,""120.77"",""121.46"",""120.70"",""121.11"",""24,260"""
"09/03/2024,""123.76"",""123.83"",""122.10"",""122.37"",""35,638"""
"09/02/2024,""123.49"",""123.73"",""123.20"",""123.66"",""10,743"""
"08/30/2024,""123.13"",""123.59"",""122.99"",""123.00"",""9,788"""
"08/29/2024,""122.18"",""123.57"",""122.18"",""123.39"",""26,759"""
"08/28/2024,""122.45"",""122.80"",""121.97"",""122.05"",""14,596"""
"08/27/2024,""122.11"",""122.28"",""121.80"",""122.11"",""8,752"""
"08/26/2024,""122.14"",""122.65"",""121.85"",""121.97"",""14,027"""
"08/23/2024,""121.87"",""122.47"",""121.70"",""122.06"",""27,372"""
"08/22/2024,""122.04"",""123.00"",""121.90"",""121.93"",""18,801"""
"08/21/2024,""121.78"",""122.31"",""121.73"",""121.88"",""10,328"""
"08/20/2024,""122.41"",""122.58"",""121.63"",""121.66"",""14,265"""
"08/19/2024,""121.68"",""122.15"",""121.52"",""122.15"",""14,550"""
"08/16/2024,""122.09"",""122.24"",""121.33"",""121.74"",""16,206"""
"08/14/2024,""119.52"",""119.52"",""118.75"",""119.52"",""14,328"""
"08/13/2024,""118.85"",""119.37"",""118.41"",""119.34"",""20,282"""
"08/12/2024,""118.50"",""118.84"",""118.00"",""118.32"",""10,129"""
"08/09/2024,""117.84"",""118.56"",""117.51"",""118.06"",""24,324"""
"08/08/2024,""115.56"",""117.69"",""115.09"",""117.58"",""38,485"""
"08/07/2024,""116.48"",""117.87"",""116.27"",""117.41"",""46,265"""
"08/06/2024,""115.61"",""116.17"",""114.60"",""115.66"",""35,591"""
"08/05/2024,""114.35"",""115.07"",""111.87"",""114.78"",""83,838"""
"08/02/2024,""120.43"",""120.55"",""117.16"",""117.42"",""33,231"""
"08/01/2024,""123.65"",""123.94"",""122.24"",""122.24"",""27,760"""
"07/31/2024,""122.81"",""123.52"",""122.69"",""123.53"",""11,194"""
"07/30/2024,""121.95"",""122.49"",""121.50"",""121.58"",""20,168"""
"07/29/2024,""122.19"",""122.62"",""121.61"",""121.61"",""22,538"""
"07/26/2024,""120.85"",""121.59"",""120.77"",""121.38"",""12,918"""
"07/25/2024,""121.08"",""121.22"",""120.11"",""121.08"",""40,278"""
"07/24/2024,""122.51"",""122.79"",""121.58"",""121.69"",""19,996"""
"07/23/2024,""122.90"",""123.73"",""122.78"",""123.71"",""12,309"""
"07/22/2024,""122.34"",""123.19"",""122.30"",""122.73"",""24,422"""
"07/19/2024,""122.72"",""122.86"",""122.11"",""122.15"",""24,129"""
"07/18/2024,""123.84"",""125.17"",""122.93"",""122.93"",""12,953"""
"07/17/2024,""124.55"",""124.57"",""123.45"",""123.56"",""16,856"""
"07/16/2024,""124.48"",""125.12"",""124.19"",""124.86"",""29,028"""
"07/15/2024,""124.74"",""124.94"",""124.50"",""124.70"",""22,928"""
"07/12/2024,""124.34"",""124.88"",""123.98"",""124.84"",""14,782"""
"07/11/2024,""124.97"",""125.00"",""124.24"",""124.23"",""24,650"""
"07/10/2024,""123.95"",""124.38"",""123.87"",""124.38"",""31,125"""
"07/09/2024,""123.94"",""124.12"",""123.80"",""123.87"",""14,571"""
"07/08/2024,""123.57"",""123.87"",""123.50"",""123.67"",""13,380"""
"07/05/2024,""123.57"",""123.57"",""123.20"",""123.37"",""23,072"""
"07/04/2024,""123.57"",""123.76"",""123.40"",""123.42"",""8,188"""
"07/03/2024,""123.12"",""123.33"",""122.92"",""123.14"",""12,617"""
"07/02/2024,""122.39"",""122.68"",""122.09"",""122.68"",""9,863"""
"07/01/2024,""122.62"",""122.72"",""122.10"",""122.53"",""32,235"""
"06/28/2024,""123.31"",""123.73"",""123.06"",""123.19"",""16,876"""
"06/27/2024,""122.89"",""123.03"",""122.69"",""122.75"",""21,027"""
"06/26/2024,""123.24"",""123.48"",""122.71"",""122.76"",""14,779"""
"06/25/2024,""122.44"",""122.85"",""122.31"",""122.73"",""12,872"""
"06/24/2024,""122.61"",""122.90"",""122.30"",""122.89"",""38,447"""
"06/21/2024,""122.84"",""123.10"",""122.45"",""122.69"",""13,260"""
"06/20/2024,""123.07"",""123.32"",""122.80"",""123.07"",""7,932"""
"06/19/2024,""122.84"",""122.90"",""122.58"",""122.61"",""8,865"""
"06/18/2024,""122.39"",""122.54"",""122.25"",""122.39"",""30,149"""
"06/17/2024,""121.96"",""122.05"",""121.50"",""121.74"",""21,599"""
"06/14/2024,""121.90"",""122.06"",""121.25"",""121.69"",""31,764"""
"06/13/2024,""121.46"",""121.99"",""121.09"",""121.29"",""16,870"""
"06/12/2024,""121.15"",""121.70"",""121.00"",""121.34"",""10,864"""
"06/11/2024,""120.85"",""120.92"",""120.36"",""120.69"",""10,587"""
"06/10/2024,""120.50"",""120.95"",""120.27"",""120.95"",""7,886"""
"06/07/2024,""119.98"",""120.60"",""119.60"",""120.44"",""12,429"""
"06/06/2024,""119.94"",""120.13"",""119.74"",""119.88"",""16,808"""
"06/05/2024,""118.76"",""119.45"",""118.67"",""119.45"",""10,094"""
"06/04/2024,""118.19"",""118.51"",""117.80"",""117.99"",""13,610"""
"06/03/2024,""119.28"",""119.34"",""118.38"",""118.38"",""21,917"""
"05/31/2024,""118.10"",""118.20"",""117.40"",""117.52"",""27,030"""
"05/30/2024,""118.24"",""118.47"",""118.06"",""118.23"",""6,919"""
"05/29/2024,""118.89"",""118.97"",""118.33"",""118.65"",""7,764"""
"05/28/2024,""119.61"",""119.69"",""119.19"",""119.21"",""16,832"""
"05/27/2024,""119.53"",""119.68"",""119.39"",""119.65"",""26,810"""
"05/24/2024,""119.09"",""119.54"",""118.96"",""119.44"",""12,828"""
"05/23/2024,""120.33"",""120.51"",""119.56"",""119.84"",""12,868"""
"05/22/2024,""119.79"",""119.99"",""119.75"",""119.90"",""11,836"""
"05/21/2024,""119.72"",""119.86"",""119.50"",""119.80"",""10,664"""
"05/20/2024,""119.75"",""120.12"",""119.72"",""120.12"",""12,359"""
"05/17/2024,""119.55"",""119.78"",""119.45"",""119.56"",""7,090"""
"05/16/2024,""119.74"",""119.87"",""119.64"",""119.78"",""65,225"""
"05/15/2024,""118.87"",""119.38"",""118.70"",""119.34"",""15,857"""
"05/14/2024,""118.61"",""118.76"",""118.27"",""118.58"",""8,506"""
"05/13/2024,""118.89"",""118.89"",""118.58"",""118.60"",""16,889"""
"05/10/2024,""118.70"",""118.99"",""118.64"",""118.69"",""17,762"""
"05/09/2024,""118.10"",""118.26"",""117.91"",""118.26"",""9,497"""
"05/08/2024,""118.16"",""118.27"",""117.64"",""118.05"",""7,256"""
"05/07/2024,""117.93"",""118.12"",""117.78"",""118.07"",""8,183"""
"05/06/2024,""117.12"",""117.51"",""116.98"",""117.39"",""24,212"""
"05/03/2024,""116.34"",""116.94"",""116.14"",""116.54"",""9,608"""
"05/02/2024,""115.72"",""116.10"",""115.50"",""115.76"",""17,750"""
"04/30/2024,""116.87"",""117.17"",""116.24"",""116.24"",""87,551"""
"04/29/2024,""116.76"",""116.92"",""116.57"",""116.57"",""13,048"""
"04/26/2024,""115.90"",""116.75"",""115.61"",""116.50"",""10,459"""
"04/25/2024,""115.23"",""115.37"",""114.14"",""114.50"",""6,232"""
"04/24/2024,""116.40"",""116.41"",""115.64"",""115.72"",""6,182"""
"04/23/2024,""115.22"",""115.85"",""114.95"",""115.70"",""7,733"""
"04/22/2024,""114.56"",""114.97"",""114.28"",""114.48"",""22,740"""
"04/19/2024,""114.07"",""114.65"",""113.92"",""114.28"",""24,448"""
"04/18/2024,""115.12"",""115.39"",""114.63"",""115.26"",""17,429"""
"04/17/2024,""115.32"",""115.89"",""114.92"",""114.92"",""12,045"""
"04/16/2024,""115.77"",""115.94"",""115.19"",""115.55"",""14,439"""
"04/15/2024,""117.67"",""118.17"",""117.24"",""117.33"",""11,984"""
"04/12/2024,""118.45"",""118.49"",""117.52"",""117.63"",""24,220"""
"04/11/2024,""117.38"",""117.52"",""116.81"",""117.24"",""8,393"""
"04/10/2024,""117.42"",""117.51"",""116.34"",""117.07"",""10,883"""
"04/09/2024,""117.15"",""117.21"",""116.30"",""116.60"",""14,644"""
"04/08/2024,""116.92"",""117.37"",""116.80"",""117.17"",""88,873"""
"04/05/2024,""116.23"",""117.01"",""116.15"",""116.82"",""22,961"""
"04/04/2024,""117.48"",""117.81"",""117.39"",""117.65"",""11,954"""
"04/03/2024,""117.49"",""117.63"",""117.19"",""117.54"",""10,165"""
"04/02/2024,""118.82"",""118.94"",""117.23"",""117.46"",""28,355"""
"03/28/2024,""118.17"",""118.45"",""118.05"",""118.27"",""7,498"""
"03/27/2024,""117.47"",""117.82"",""117.34"",""117.44"",""8,947"""
"03/26/2024,""117.40"",""117.64"",""117.30"",""117.55"",""9,513"""
"03/25/2024,""117.53"",""117.63"",""117.04"",""117.30"",""10,091"""
"03/22/2024,""117.71"",""117.98"",""117.54"",""117.64"",""8,142"""
"03/21/2024,""117.15"",""117.78"",""116.90"",""117.73"",""17,135"""
"03/20/2024,""115.95"",""116.33"",""115.95"",""116.08"",""5,809"""
"03/19/2024,""115.59"",""115.82"",""115.14"",""115.82"",""11,588"""
"03/18/2024,""115.26"",""115.73"",""115.11"",""115.67"",""7,713"""
"03/15/2024,""115.49"",""115.77"",""114.77"",""114.79"",""18,543"""
"03/14/2024,""115.68"",""115.83"",""115.27"",""115.44"",""10,525"""
"03/13/2024,""115.60"",""115.61"",""115.35"",""115.38"",""7,589"""
"03/12/2024,""115.06"",""115.69"",""114.70"",""115.45"",""8,852"""
"03/11/2024,""114.40"",""114.53"",""114.07"",""114.43"",""21,338"""
"03/08/2024,""115.35"",""115.65"",""115.01"",""115.09"",""13,823"""
"03/07/2024,""114.25"",""115.30"",""114.10"",""115.07"",""17,647"""
"03/06/2024,""114.30"",""114.72"",""114.30"",""114.66"",""16,877"""
"03/05/2024,""114.79"",""114.79"",""114.00"",""114.08"",""18,484"""
"03/04/2024,""115.10"",""115.24"",""114.83"",""114.91"",""15,004"""
"03/01/2024,""114.91"",""115.15"",""114.57"",""115.08"",""21,880"""
"02/29/2024,""113.93"",""114.50"",""113.55"",""114.21"",""12,386"""
"02/28/2024,""114.16"",""114.17"",""113.74"",""113.91"",""10,691"""
"02/27/2024,""114.00"",""114.19"",""113.78"",""113.96"",""11,815"""
"02/26/2024,""114.30"",""114.34"",""114.06"",""114.12"",""21,044"""
"02/23/2024,""114.37"",""114.86"",""114.24"",""114.55"",""8,749"""
"02/22/2024,""113.46"",""114.27"",""113.38"",""114.14"",""20,842"""
"02/21/2024,""112.57"",""112.65"",""112.30"",""112.39"",""11,720"""
"02/20/2024,""113.23"",""113.26"",""112.34"",""112.50"",""7,792"""
"02/19/2024,""113.30"",""113.64"",""113.26"",""113.51"",""6,556"""
"02/16/2024,""113.81"",""113.99"",""113.38"",""113.67"",""9,854"""
"02/15/2024,""113.40"",""113.52"",""112.93"",""113.14"",""17,465"""
"02/14/2024,""112.57"",""113.00"",""112.52"",""112.70"",""11,505"""
"02/13/2024,""113.31"",""113.38"",""112.10"",""112.45"",""9,734"""
"02/12/2024,""112.88"",""113.60"",""112.81"",""113.60"",""12,101"""
"02/09/2024,""112.57"",""112.87"",""112.45"",""112.58"",""34,006"""
"02/08/2024,""112.55"",""112.78"",""112.40"",""112.41"",""17,649"""
"02/07/2024,""112.05"",""112.66"",""111.91"",""112.46"",""11,565"""
"02/06/2024,""112.00"",""112.22"",""111.70"",""112.07"",""14,709"""
"02/05/2024,""111.48"",""111.87"",""111.30"",""111.48"",""19,240"""
"02/02/2024,""110.70"",""111.22"",""110.55"",""111.27"",""19,595"""
"02/01/2024,""110.12"",""110.32"",""109.66"",""109.79"",""21,455"""
"01/31/2024,""110.76"",""110.80"",""109.99"",""110.12"",""14,920"""
"01/30/2024,""110.85"",""111.02"",""110.50"",""110.69"",""17,851"""
"01/29/2024,""110.36"",""110.68"",""110.24"",""110.51"",""15,877"""
"01/26/2024,""109.87"",""110.24"",""109.69"",""110.14"",""27,328"""
"01/25/2024,""109.27"",""110.06"",""109.15"",""110.04"",""9,153"""
"01/24/2024,""109.47"",""109.69"",""109.17"",""109.55"",""13,145"""
"01/23/2024,""108.59"",""109.12"",""108.40"",""108.90"",""19,214"""
"01/22/2024,""108.55"",""108.86"",""108.43"",""108.67"",""19,590"""
"01/19/2024,""107.65"",""107.95"",""107.46"",""107.64"",""17,841"""
"01/18/2024,""106.67"",""107.30"",""106.61"",""107.22"",""6,049"""
"01/17/2024,""106.72"",""106.83"",""106.42"",""106.78"",""15,530"""
"01/16/2024,""107.09"",""107.79"",""107.03"",""107.71"",""12,261"""
"01/15/2024,""107.68"",""107.75"",""107.44"",""107.54"",""11,565"""
"01/12/2024,""107.27"",""107.88"",""107.18"",""107.55"",""12,080"""
"01/11/2024,""107.76"",""107.83"",""106.66"",""106.76"",""7,661"""
"01/10/2024,""107.20"",""107.37"",""107.01"",""107.06"",""7,798"""
"01/09/2024,""107.09"",""107.16"",""106.59"",""107.10"",""13,485"""
"01/08/2024,""106.20"",""106.58"",""105.86"",""106.57"",""11,219"""
"01/05/2024,""106.21"",""106.57"",""105.92"",""106.43"",""19,676"""
"01/04/2024,""106.66"",""106.66"",""106.17"",""106.59"",""22,571"""
"01/03/2024,""106.97"",""107.16"",""106.45"",""106.59"",""21,705"""
"01/02/2024,""107.30"",""107.46"",""106.82"",""107.00"",""25,562"""
"12/29/2023,""107.14"",""107.25"",""106.58"",""106.62"",""8,978"""
"12/28/2023,""106.89"",""106.98"",""106.52"",""106.97"",""6,726"""
"12/27/2023,""107.06"",""107.17"",""106.20"",""106.30"",""26,788"""
"12/22/2023,""106.32"",""106.82"",""106.17"",""106.67"",""37,662"""
"12/21/2023,""106.47"",""106.60"",""106.06"",""106.34"",""11,267"""
"12/20/2023,""107.11"",""107.15"",""106.81"",""107.08"",""7,556"""
"12/19/2023,""106.68"",""106.88"",""106.58"",""106.85"",""14,093"""
"12/18/2023,""106.55"",""106.77"",""106.50"",""106.66"",""13,837"""
"12/15/2023,""106.35"",""106.84"",""106.28"",""106.77"",""10,595"""
"12/14/2023,""106.82"",""106.90"",""105.93"",""106.01"",""52,485"""
"12/13/2023,""105.96"",""106.09"",""105.85"",""105.93"",""5,521"""
"12/12/2023,""105.83"",""105.90"",""105.40"",""105.58"",""7,177"""
"12/11/2023,""105.48"",""105.87"",""105.18"",""105.69"",""8,006"""
"12/08/2023,""104.83"",""105.44"",""104.77"",""105.25"",""4,425"""
"12/07/2023,""104.42"",""104.84"",""104.26"",""104.64"",""9,596"""
"12/06/2023,""104.84"",""105.07"",""104.64"",""104.64"",""11,900"""
"12/05/2023,""103.97"",""104.45"",""103.71"",""104.45"",""12,777"""
"12/04/2023,""104.14"",""104.32"",""103.93"",""104.02"",""12,278"""
"12/01/2023,""103.56"",""104.17"",""103.45"",""104.15"",""13,818"""
"11/30/2023,""102.98"",""103.35"",""102.91"",""103.14"",""14,736"""
"11/29/2023,""102.50"",""103.04"",""102.47"",""102.65"",""5,869"""
"11/28/2023,""102.53"",""102.53"",""102.11"",""102.50"",""6,426"""
"11/27/2023,""102.62"",""102.80"",""102.44"",""102.72"",""4,926"""
"11/24/2023,""102.96"",""103.08"",""102.81"",""102.87"",""4,314"""
"11/23/2023,""103.08"",""103.20"",""102.93"",""103.13"",""3,279"""
"11/22/2023,""102.56"",""103.28"",""102.56"",""103.19"",""14,794"""
"11/21/2023,""102.48"",""102.55"",""102.22"",""102.39"",""11,403"""
"11/20/2023,""102.12"",""102.39"",""102.00"",""102.39"",""4,759"""
"11/17/2023,""102.58"",""102.64"",""102.19"",""102.22"",""5,490"""
"11/16/2023,""102.39"",""102.40"",""101.76"",""101.86"",""13,741"""
"11/15/2023,""102.21"",""102.74"",""102.21"",""102.59"",""15,791"""
"11/14/2023,""101.44"",""102.29"",""101.20"",""102.20"",""14,946"""
"11/13/2023,""101.17"",""101.49"",""101.10"",""101.45"",""4,184"""
"11/10/2023,""100.69"",""100.87"",""100.20"",""100.85"",""16,289"""
"11/09/2023,""100.90"",""101.30"",""100.78"",""101.05"",""3,863"""
"11/08/2023,""100.79"",""101.21"",""100.67"",""100.68"",""10,769"""
"11/07/2023,""100.42"",""101.19"",""100.41"",""101.09"",""9,993"""
"11/06/2023,""100.72"",""100.78"",""100.50"",""100.55"",""9,414"""
"11/03/2023,""100.52"",""100.72"",""100.20"",""100.67"",""6,748"""
"11/02/2023,""99.22"",""100.10"",""99.21"",""100.09"",""10,722"""
"11/01/2023,""97.98"",""98.90"",""97.82"",""98.70"",""10,351"""
"10/31/2023,""96.89"",""97.62"",""96.88"",""97.57"",""12,292"""
"10/30/2023,""97.33"",""97.44"",""96.57"",""96.88"",""12,958"""
"10/27/2023,""97.43"",""97.69"",""96.77"",""96.83"",""10,356"""
"10/26/2023,""97.30"",""97.81"",""97.20"",""97.51"",""12,497"""
"10/25/2023,""98.42"",""98.75"",""97.96"",""98.31"",""12,197"""
"10/24/2023,""97.78"",""98.91"",""97.67"",""98.72"",""13,889"""
"10/23/2023,""98.38"",""98.49"",""97.40"",""98.10"",""17,886"""
"10/20/2023,""99.15"",""99.36"",""98.40"",""98.43"",""12,372"""
"10/19/2023,""100.49"",""100.64"",""99.95"",""100.08"",""32,055"""
"10/18/2023,""101.55"",""101.65"",""101.12"",""101.24"",""2,974"""
"10/17/2023,""102.01"",""102.12"",""101.34"",""101.81"",""5,716"""
"10/16/2023,""101.64"",""102.31"",""101.23"",""102.19"",""10,369"""
"10/13/2023,""102.07"",""102.35"",""101.62"",""101.70"",""5,671"""
"10/12/2023,""102.26"",""102.52"",""102.20"",""102.35"",""5,342"""
"10/11/2023,""101.66"",""101.98"",""101.60"",""101.59"",""6,116"""
"10/10/2023,""101.35"",""102.00"",""101.16"",""101.95"",""8,192"""
"10/09/2023,""100.21"",""100.55"",""99.93"",""100.50"",""6,234"""
"10/06/2023,""99.80"",""100.09"",""99.35"",""99.88"",""9,801"""
"10/05/2023,""99.87"",""100.46"",""99.34"",""99.40"",""7,776"""
"10/04/2023,""99.22"",""99.69"",""99.07"",""99.51"",""19,822"""
"10/03/2023,""100.96"",""101.12"",""99.80"",""99.86"",""9,415"""
"10/02/2023,""101.01"",""101.50"",""100.67"",""101.06"",""10,811"""
"09/29/2023,""101.10"",""101.52"",""101.09"",""101.11"",""30,748"""
"09/28/2023,""101.03"",""101.03"",""100.40"",""100.87"",""8,100"""
"09/27/2023,""100.69"",""101.14"",""100.59"",""100.86"",""47,563"""
"09/26/2023,""101.02"",""101.07"",""100.40"",""100.52"",""14,626"""
"09/25/2023,""101.07"",""101.40"",""100.60"",""101.36"",""46,818"""
"09/22/2023,""101.10"",""101.55"",""101.06"",""101.46"",""11,726"""
"09/21/2023,""102.27"",""102.33"",""101.29"",""101.27"",""6,681"""
"09/20/2023,""102.95"",""103.18"",""102.86"",""102.98"",""12,937"""
"09/19/2023,""103.16"",""103.33"",""102.55"",""102.65"",""12,121"""
"09/18/2023,""103.60"",""103.60"",""103.05"",""103.14"",""9,356"""
"09/15/2023,""104.74"",""104.85"",""103.66"",""103.66"",""31,782"""
"09/14/2023,""103.04"",""104.14"",""102.83"",""104.18"",""25,801"""
"09/13/2023,""102.56"",""102.77"",""102.10"",""102.80"",""8,058"""
"09/12/2023,""103.04"",""103.14"",""102.78"",""102.81"",""12,617"""
"09/11/2023,""102.80"",""103.15"",""102.66"",""102.78"",""7,920"""
"09/08/2023,""102.45"",""102.72"",""102.17"",""102.69"",""7,819"""
"09/07/2023,""102.47"",""102.70"",""102.17"",""102.43"",""5,441"""
"09/06/2023,""103.12"",""103.12"",""102.70"",""102.74"",""6,530"""
"09/05/2023,""102.99"",""103.70"",""102.95"",""103.61"",""4,464"""
"09/04/2023,""103.50"",""103.65"",""103.24"",""103.22"",""9,320"""
"09/01/2023,""102.57"",""103.27"",""102.55"",""103.14"",""8,017"""
"08/31/2023,""102.23"",""102.88"",""102.23"",""102.67"",""2,833"""
"08/30/2023,""102.09"",""102.17"",""101.60"",""101.85"",""6,590"""
"08/29/2023,""101.49"",""102.02"",""101.30"",""102.02"",""6,983"""
"08/28/2023,""100.77"",""101.44"",""100.70"",""101.17"",""5,805"""
"08/25/2023,""100.31"",""100.60"",""100.00"",""100.37"",""9,770"""
"08/24/2023,""101.59"",""101.69"",""100.50"",""100.45"",""2,110"""
"08/23/2023,""100.09"",""100.74"",""100.09"",""100.72"",""3,891"""
"08/22/2023,""99.51"",""100.35"",""99.51"",""100.00"",""5,773"""
"08/21/2023,""99.21"",""99.55"",""99.01"",""99.03"",""6,556"""
"08/18/2023,""99.32"",""99.88"",""98.70"",""99.06"",""6,525"""
"08/17/2023,""100.20"",""100.34"",""99.80"",""99.86"",""8,592"""
"08/16/2023,""100.36"",""100.53"",""100.12"",""100.42"",""10,143"""
"08/14/2023,""100.96"",""101.50"",""100.92"",""101.33"",""4,416"""
"08/11/2023,""101.07"",""101.18"",""100.69"",""100.82"",""6,182"""
"08/10/2023,""101.36"",""101.91"",""101.08"",""101.47"",""12,878"""
"08/09/2023,""101.92"",""101.94"",""100.98"",""101.08"",""8,104"""
"08/08/2023,""101.34"",""101.64"",""101.01"",""101.13"",""3,400"""
"08/07/2023,""101.62"",""101.75"",""101.40"",""101.46"",""34,128"""
"08/04/2023,""102.05"",""102.24"",""101.43"",""101.68"",""3,885"""
"08/03/2023,""102.13"",""102.17"",""101.50"",""101.81"",""24,654"""
"08/02/2023,""102.47"",""103.87"",""102.01"",""102.20"",""7,235"""
"08/01/2023,""103.98"",""104.03"",""103.43"",""103.45"",""18,939"""
"07/31/2023,""103.44"",""103.78"",""103.34"",""103.65"",""13,182"""
"07/28/2023,""103.26"",""103.62"",""103.20"",""103.55"",""7,849"""
"07/27/2023,""102.75"",""103.93"",""102.60"",""103.71"",""4,746"""
"07/26/2023,""102.61"",""102.62"",""102.09"",""102.27"",""50,305"""
"07/25/2023,""102.32"",""102.75"",""102.17"",""102.58"",""11,159"""
"07/24/2023,""101.21"",""102.14"",""101.11"",""102.11"",""6,225"""
"07/21/2023,""101.27"",""101.64"",""101.26"",""101.53"",""5,882"""
"07/20/2023,""100.89"",""101.35"",""100.89"",""101.35"",""8,611"""
"07/19/2023,""100.98"",""101.49"",""100.81"",""101.35"",""7,612"""
"07/18/2023,""99.96"",""100.59"",""99.85"",""100.56"",""4,842"""
"07/17/2023,""99.84"",""100.18"",""99.74"",""100.08"",""24,388"""
"07/14/2023,""100.30"",""100.55"",""100.07"",""100.25"",""7,847"""
"07/13/2023,""100.26"",""100.47"",""100.22"",""100.33"",""7,284"""
"07/12/2023,""99.90"",""100.45"",""99.90"",""100.24"",""5,307"""
"07/11/2023,""99.44"",""99.81"",""99.20"",""99.69"",""3,958"""
"07/10/2023,""98.97"",""99.45"",""98.87"",""99.21"",""13,508"""
"07/07/2023,""99.68"",""99.90"",""99.50"",""99.65"",""23,050"""
"07/06/2023,""100.84"",""100.84"",""99.50"",""99.63"",""5,968"""
"07/05/2023,""101.16"",""101.31"",""100.85"",""101.29"",""14,200"""
"07/04/2023,""101.52"",""101.53"",""101.36"",""101.43"",""9,569"""
"07/03/2023,""101.41"",""101.70"",""101.20"",""101.26"",""13,036"""
"06/30/2023,""100.34"",""101.06"",""100.34"",""100.95"",""5,847"""
"06/29/2023,""99.90"",""100.20"",""99.67"",""100.13"",""9,423"""
"06/28/2023,""99.55"",""99.85"",""99.21"",""99.74"",""6,887"""
"06/27/2023,""99.03"",""99.10"",""98.58"",""99.00"",""3,374"""
"06/26/2023,""99.22"",""99.36"",""98.89"",""99.07"",""25,452"""
"06/23/2023,""99.30"",""99.84"",""99.03"",""99.23"",""12,742"""
"06/22/2023,""99.07"",""99.38"",""98.74"",""99.39"",""8,513"""
"06/21/2023,""100.19"",""100.40"",""99.54"",""99.71"",""5,519"""
"06/20/2023,""100.51"",""100.76"",""100.15"",""100.18"",""3,547"""
"06/19/2023,""101.00"",""101.13"",""100.77"",""100.77"",""7,112"""
"06/16/2023,""101.22"",""101.65"",""101.12"",""101.39"",""5,486"""
"06/15/2023,""101.20"",""101.28"",""100.40"",""101.06"",""40,642"""
"06/14/2023,""101.35"",""101.58"",""101.15"",""101.34"",""6,838"""
"06/13/2023,""100.83"",""101.32"",""100.70"",""101.37"",""7,535"""
"06/12/2023,""100.61"",""100.61"",""100.15"",""100.36"",""17,981"""
"06/09/2023,""99.90"",""100.50"",""99.69"",""100.18"",""10,710"""
"06/08/2023,""99.78"",""99.91"",""99.30"",""99.69"",""12,879"""
"06/07/2023,""100.36"",""100.43"",""100.01"",""100.16"",""7,419"""
"06/06/2023,""99.87"",""100.47"",""99.79"",""100.33"",""5,293"""
"06/05/2023,""100.12"",""100.48"",""99.83"",""100.06"",""7,769"""
"06/02/2023,""98.53"",""99.94"",""98.52"",""99.83"",""5,718"""
"06/01/2023,""97.99"",""98.16"",""97.42"",""98.04"",""12,560"""
"05/31/2023,""97.96"",""98.26"",""97.42"",""97.52"",""29,504"""
"05/30/2023,""98.69"",""98.86"",""98.00"",""98.10"",""35,070"""
"05/29/2023,""98.63"",""98.65"",""98.43"",""98.57"",""5,075"""
"05/26/2023,""97.32"",""98.52"",""96.99"",""98.34"",""16,196"""
"05/25/2023,""97.07"",""97.43"",""96.86"",""97.00"",""8,142"""
"05/24/2023,""97.07"",""97.07"",""96.36"",""96.54"",""6,247"""
"05/23/2023,""97.97"",""98.13"",""97.86"",""98.02"",""7,974"""
"05/22/2023,""98.06"",""98.31"",""97.85"",""98.29"",""12,287"""
"05/19/2023,""98.26"",""98.45"",""97.86"",""97.86"",""12,393"""
"05/18/2023,""97.30"",""98.01"",""97.30"",""97.92"",""7,020"""
"05/17/2023,""96.26"",""96.79"",""96.20"",""96.69"",""34,474"""
"05/16/2023,""96.46"",""96.63"",""96.25"",""96.45"",""14,905"""
"05/15/2023,""96.65"",""96.82"",""96.18"",""96.59"",""9,190"""
"05/12/2023,""96.12"",""96.54"",""96.08"",""96.20"",""4,100"""
"05/11/2023,""96.43"",""96.45"",""95.60"",""95.85"",""28,276"""
"05/10/2023,""95.63"",""96.01"",""95.44"",""95.64"",""8,255"""
"05/09/2023,""95.64"",""95.84"",""95.48"",""95.72"",""6,373"""
"05/08/2023,""95.34"",""95.66"",""95.23"",""95.53"",""11,627"""
"05/05/2023,""94.28"",""95.32"",""94.20"",""95.22"",""41,080"""
"05/04/2023,""94.12"",""94.26"",""93.64"",""94.06"",""16,140"""
"05/03/2023,""94.79"",""94.96"",""94.40"",""94.44"",""5,145"""
"05/02/2023,""95.88"",""95.98"",""94.35"",""94.38"",""13,018"""
"04/28/2023,""95.11"",""95.54"",""94.79"",""95.25"",""3,554"""
"04/27/2023,""93.98"",""94.54"",""93.88"",""94.52"",""8,552"""
"04/26/2023,""94.56"",""94.56"",""93.48"",""93.97"",""10,564"""
"04/25/2023,""94.78"",""94.93"",""94.65"",""94.82"",""3,388"""
"04/24/2023,""95.27"",""95.40"",""95.05"",""95.04"",""4,654"""
"04/21/2023,""95.66"",""95.71"",""95.28"",""95.41"",""4,687"""
"04/20/2023,""95.89"",""95.94"",""95.45"",""95.68"",""4,876"""
"04/19/2023,""95.97"",""96.04"",""95.70"",""95.92"",""3,988"""
"04/18/2023,""96.28"",""96.65"",""96.05"",""96.13"",""9,863"""
"04/17/2023,""95.90"",""96.22"",""95.80"",""96.13"",""10,992"""
"04/14/2023,""95.31"",""95.87"",""95.20"",""95.43"",""5,563"""
"04/13/2023,""95.05"",""95.09"",""94.54"",""94.95"",""53,256"""
"04/12/2023,""95.43"",""95.92"",""94.83"",""95.03"",""4,797"""
"04/11/2023,""95.75"",""95.77"",""95.38"",""95.52"",""10,579"""
"04/06/2023,""94.96"",""95.10"",""94.71"",""94.83"",""15,795"""
"04/05/2023,""95.05"",""95.05"",""94.60"",""94.63"",""5,881"""
"04/04/2023,""95.78"",""96.05"",""94.90"",""94.98"",""5,714"""
"04/03/2023,""95.89"",""95.89"",""95.45"",""95.47"",""24,871"""
"03/31/2023,""94.51"",""95.30"",""94.45"",""95.30"",""3,016"""
"03/30/2023,""94.47"",""94.56"",""94.06"",""94.36"",""11,291"""
"03/29/2023,""93.66"",""93.94"",""93.60"",""93.87"",""12,095"""
"03/28/2023,""93.60"",""93.60"",""92.90"",""93.03"",""3,164"""
"03/27/2023,""94.06"",""94.06"",""93.24"",""93.32"",""7,953"""
"03/24/2023,""92.82"",""93.00"",""92.27"",""92.66"",""27,541"""
"03/23/2023,""92.51"",""93.27"",""92.25"",""93.01"",""35,646"""
"03/22/2023,""93.58"",""93.90"",""93.44"",""93.52"",""3,380"""
"03/21/2023,""93.21"",""93.62"",""93.11"",""93.25"",""9,592"""
"03/20/2023,""92.20"",""93.01"",""91.70"",""92.67"",""13,312"""
"03/17/2023,""93.88"",""94.04"",""92.49"",""92.69"",""8,961"""
"03/16/2023,""92.93"",""93.54"",""92.08"",""93.40"",""20,214"""
"03/15/2023,""92.57"",""92.75"",""91.50"",""92.09"",""41,220"""
"03/14/2023,""91.97"",""93.12"",""91.65"",""92.84"",""13,082"""
"03/13/2023,""93.05"",""93.14"",""90.91"",""91.82"",""59,381"""
"03/10/2023,""93.57"",""94.23"",""92.80"",""93.65"",""14,827"""
"03/09/2023,""95.93"",""96.19"",""95.59"",""95.80"",""3,048"""
"03/08/2023,""95.90"",""96.21"",""95.86"",""96.00"",""13,470"""
"03/07/2023,""96.34"",""96.63"",""96.00"",""96.00"",""6,846"""
"03/06/2023,""96.63"",""96.71"",""96.31"",""96.59"",""10,402"""
"03/03/2023,""95.59"",""96.28"",""95.41"",""96.31"",""2,805"""
"03/02/2023,""94.14"",""94.94"",""94.08"",""94.87"",""22,030"""
"03/01/2023,""95.21"",""95.30"",""94.20"",""94.30"",""10,966"""
"02/28/2023,""95.02"",""95.46"",""94.85"",""95.14"",""21,878"""
"02/27/2023,""95.61"",""95.98"",""95.46"",""95.52"",""5,091"""
"02/24/2023,""95.94"",""96.05"",""94.71"",""94.98"",""3,554"""
"02/23/2023,""95.97"",""96.31"",""95.58"",""95.60"",""4,539"""
"02/22/2023,""95.47"",""95.72"",""95.18"",""95.52"",""5,315"""
"02/21/2023,""96.44"",""96.48"",""95.63"",""95.63"",""6,135"""
"02/20/2023,""96.75"",""96.83"",""96.57"",""96.66"",""5,189"""
"02/17/2023,""96.79"",""96.98"",""96.40"",""96.44"",""3,684"""
"02/16/2023,""98.00"",""98.10"",""97.00"",""97.59"",""16,328"""
"02/15/2023,""96.90"",""97.60"",""96.80"",""97.55"",""22,638"""
"02/14/2023,""97.45"",""97.61"",""96.89"",""96.89"",""3,162"""
"02/13/2023,""96.82"",""97.41"",""96.78"",""97.38"",""7,251"""
"02/10/2023,""96.38"",""96.83"",""96.14"",""96.74"",""4,467"""
"02/09/2023,""97.76"",""97.80"",""97.17"",""97.21"",""11,184"""
"02/08/2023,""97.66"",""97.70"",""97.00"",""97.02"",""4,941"""
"02/07/2023,""97.04"",""97.23"",""96.84"",""97.01"",""4,166"""
"02/06/2023,""96.63"",""96.85"",""96.23"",""96.87"",""16,016"""
"02/03/2023,""96.76"",""97.36"",""96.37"",""97.38"",""13,576"""
"02/02/2023,""95.68"",""97.04"",""95.57"",""97.04"",""7,384"""
"02/01/2023,""95.53"",""95.53"",""94.92"",""95.07"",""10,160"""
"01/31/2023,""94.97"",""95.16"",""94.35"",""95.09"",""9,658"""
"01/30/2023,""95.15"",""95.34"",""94.65"",""95.28"",""4,948"""
"01/27/2023,""95.30"",""95.94"",""95.28"",""95.75"",""12,594"""
"01/26/2023,""94.71"",""95.33"",""94.71"",""95.11"",""9,652"""
"01/25/2023,""94.67"",""94.67"",""93.40"",""93.96"",""9,525"""
"01/24/2023,""94.88"",""94.88"",""94.43"",""94.80"",""7,699"""
"01/23/2023,""93.77"",""95.12"",""93.62"",""94.95"",""8,567"""
"01/20/2023,""93.25"",""93.61"",""92.84"",""93.62"",""24,297"""
"01/19/2023,""93.54"",""93.55"",""92.76"",""92.94"",""59,806"""
"01/18/2023,""94.54"",""94.86"",""94.10"",""94.17"",""10,994"""
"01/17/2023,""94.13"",""94.77"",""93.98"",""94.43"",""12,082"""
"01/16/2023,""94.27"",""94.41"",""94.01"",""94.30"",""6,455"""
"01/13/2023,""93.80"",""94.05"",""93.35"",""93.98"",""3,085"""
"01/12/2023,""93.93"",""94.18"",""93.42"",""93.73"",""6,477"""
"01/11/2023,""93.01"",""93.42"",""92.94"",""93.42"",""3,320"""
"01/10/2023,""92.58"",""92.80"",""92.34"",""92.65"",""6,229"""
"01/09/2023,""93.03"",""93.55"",""92.91"",""93.64"",""6,921"""
"01/06/2023,""92.27"",""93.07"",""92.15"",""92.93"",""4,080"""
"01/05/2023,""92.01"",""92.50"",""91.88"",""92.02"",""6,818"""
"01/04/2023,""91.93"",""92.34"",""91.80"",""92.34"",""5,251"""
"01/03/2023,""91.91"",""92.94"",""91.65"",""91.72"",""10,813"""
"01/02/2023,""91.73"",""92.30"",""91.54"",""92.25"",""4,005"""
"12/30/2022,""90.96"",""91.03"",""90.21"",""90.44"",""8,156"""
"12/29/2022,""90.31"",""91.32"",""90.14"",""91.26"",""15,946"""
"12/28/2022,""91.30"",""91.38"",""90.52"",""90.64"",""11,284"""
"12/27/2022,""92.10"",""92.10"",""90.90"",""91.10"",""3,701"""
"12/23/2022,""91.00"",""91.42"",""90.36"",""90.88"",""4,759"""
"12/22/2022,""92.10"",""92.24"",""90.70"",""90.77"",""3,790"""
"12/21/2022,""91.06"",""92.15"",""90.85"",""92.13"",""8,868"""
"12/20/2022,""90.18"",""90.96"",""90.01"",""90.46"",""4,925"""
"12/19/2022,""91.40"",""91.73"",""90.91"",""90.91"",""9,047"""
"12/16/2022,""91.85"",""91.88"",""90.85"",""91.14"",""14,622"""
"12/15/2022,""93.63"",""93.97"",""91.73"",""91.80"",""26,949"""
"12/14/2022,""94.76"",""95.15"",""94.31"",""94.96"",""19,371"""
"12/13/2022,""94.54"",""96.28"",""94.33"",""94.93"",""3,676"""
"12/12/2022,""93.76"",""94.04"",""93.40"",""93.97"",""4,223"""
"12/09/2022,""94.28"",""94.65"",""93.95"",""94.51"",""2,537"""
"12/08/2022,""93.80"",""94.31"",""93.66"",""93.95"",""1,442"""
"12/07/2022,""94.23"",""94.32"",""93.13"",""93.65"",""9,099"""
"12/06/2022,""95.23"",""95.51"",""94.10"",""94.19"",""5,571"""
"12/05/2022,""96.00"",""96.10"",""95.36"",""95.45"",""2,743"""
"12/02/2022,""96.19"",""96.47"",""95.47"",""96.23"",""16,012"""
"12/01/2022,""97.36"",""97.44"",""96.33"",""96.50"",""5,647"""
"11/30/2022,""95.64"",""95.84"",""95.25"",""95.87"",""5,322"""
"11/29/2022,""95.66"",""95.78"",""95.07"",""95.06"",""3,382"""
"11/28/2022,""95.52"",""95.58"",""94.50"",""95.32"",""6,912"""
"11/25/2022,""96.02"",""96.26"",""95.86"",""95.96"",""3,385"""
"11/24/2022,""95.91"",""96.37"",""95.87"",""96.20"",""3,318"""
"11/23/2022,""95.79"",""96.07"",""95.65"",""96.07"",""17,125"""
"11/22/2022,""95.10"",""95.67"",""94.89"",""95.76"",""12,947"""
"11/21/2022,""95.08"",""95.37"",""94.89"",""95.10"",""9,574"""
"11/18/2022,""94.40"",""95.24"",""94.31"",""94.79"",""28,100"""
"11/17/2022,""94.92"",""94.92"",""93.75"",""94.10"",""3,855"""
"11/16/2022,""95.38"",""95.78"",""94.38"",""94.56"",""6,565"""
"11/15/2022,""95.19"",""96.12"",""94.90"",""95.78"",""11,272"""
"11/14/2022,""95.52"",""95.70"",""95.18"",""95.13"",""4,260"""
"11/11/2022,""96.00"",""96.00"",""95.00"",""95.01"",""8,796"""
"11/10/2022,""92.58"",""95.31"",""92.55"",""95.13"",""10,731"""
"11/09/2022,""93.68"",""93.80"",""93.00"",""93.17"",""11,480"""
"11/08/2022,""93.40"",""94.07"",""93.40"",""93.97"",""6,641"""
"11/07/2022,""93.03"",""93.76"",""93.03"",""93.30"",""14,176"""
"11/04/2022,""93.60"",""95.00"",""92.70"",""93.06"",""4,082"""
"11/03/2022,""93.53"",""95.00"",""92.69"",""93.50"",""8,367"""
"11/02/2022,""95.33"",""95.33"",""94.18"",""94.30"",""37,933"""
"11/01/2022,""95.04"",""95.57"",""94.50"",""94.75"",""23,164"""
"10/31/2022,""94.30"",""94.80"",""93.99"",""94.57"",""10,921"""
"10/28/2022,""92.05"",""93.90"",""92.00"",""93.73"",""4,577"""
"10/27/2022,""92.67"",""93.50"",""92.40"",""93.17"",""7,189"""
"10/26/2022,""92.81"",""93.48"",""92.50"",""93.36"",""15,095"""
"10/25/2022,""92.94"",""93.29"",""92.42"",""93.13"",""1,720"""
"10/24/2022,""92.49"",""93.07"",""91.72"",""92.31"",""29,567"""
"10/21/2022,""91.28"",""91.99"",""90.80"",""91.69"",""10,733"""
"10/20/2022,""91.61"",""92.64"",""91.11"",""92.11"",""2,374"""
"10/19/2022,""92.67"",""92.67"",""91.80"",""92.03"",""8,976"""
"10/18/2022,""92.20"",""93.05"",""91.76"",""91.80"",""15,705"""
"10/17/2022,""90.93"",""92.03"",""90.55"",""91.67"",""16,374"""
"10/14/2022,""92.07"",""92.50"",""90.83"",""90.90"",""9,111"""
"10/13/2022,""90.12"",""91.03"",""88.60"",""90.52"",""5,992"""
"10/12/2022,""90.79"",""91.19"",""90.48"",""90.55"",""4,419"""
"10/11/2022,""90.54"",""90.94"",""90.12"",""90.77"",""6,726"""
"10/10/2022,""91.77"",""92.26"",""91.25"",""91.52"",""2,544"""
"10/07/2022,""93.28"",""93.68"",""91.99"",""91.93"",""12,282"""
"10/06/2022,""93.56"",""94.20"",""93.00"",""93.82"",""1,178"""
"10/05/2022,""92.95"",""93.28"",""92.77"",""93.03"",""8,084"""
"10/04/2022,""92.37"",""93.18"",""92.37"",""93.20"",""4,444"""
"10/03/2022,""90.23"",""91.46"",""89.29"",""91.28"",""10,616"""
"09/30/2022,""91.03"",""91.69"",""90.70"",""91.34"",""3,954"""
"09/29/2022,""92.54"",""92.56"",""90.60"",""90.81"",""8,415"""
"09/28/2022,""92.73"",""93.18"",""91.80"",""93.13"",""7,247"""
"09/27/2022,""93.55"",""93.77"",""92.91"",""92.91"",""6,838"""
"09/26/2022,""93.07"",""93.56"",""92.44"",""92.86"",""8,632"""
"09/23/2022,""93.76"",""93.83"",""92.67"",""92.80"",""7,864"""
"09/22/2022,""93.84"",""94.68"",""93.69"",""93.81"",""6,596"""
"09/21/2022,""94.93"",""95.71"",""94.86"",""95.69"",""8,396"""
"09/20/2022,""95.77"",""95.77"",""94.43"",""94.66"",""17,945"""
"09/19/2022,""95.00"",""95.13"",""94.10"",""94.75"",""4,352"""
"09/16/2022,""95.19"",""95.45"",""94.38"",""94.52"",""37,062"""
"09/15/2022,""97.19"",""97.35"",""95.90"",""96.26"",""10,247"""
"09/14/2022,""97.22"",""97.26"",""96.50"",""96.87"",""2,623"""
"09/13/2022,""99.20"",""99.69"",""97.45"",""97.44"",""11,259"""
"09/12/2022,""98.34"",""99.28"",""97.70"",""99.16"",""4,061"""
"09/09/2022,""97.47"",""98.54"",""97.39"",""98.51"",""4,847"""
"09/08/2022,""97.15"",""97.78"",""96.30"",""97.72"",""26,445"""
"09/07/2022,""96.27"",""96.80"",""96.10"",""96.56"",""11,212"""
"09/06/2022,""97.00"",""97.57"",""96.35"",""96.80"",""20,371"""
"09/05/2022,""97.32"",""97.37"",""96.70"",""97.17"",""2,335"""
"09/02/2022,""97.06"",""97.94"",""96.72"",""97.68"",""2,366"""
"09/01/2022,""96.50"",""97.05"",""95.95"",""96.29"",""7,638"""
"08/31/2022,""98.36"",""98.48"",""97.16"",""97.10"",""3,149"""
"08/30/2022,""99.17"",""99.64"",""97.61"",""97.69"",""9,254"""
"08/29/2022,""99.45"",""99.45"",""98.50"",""98.76"",""5,054"""
"08/26/2022,""102.53"",""102.63"",""100.35"",""100.37"",""2,562"""
"08/25/2022,""101.90"",""102.12"",""101.30"",""101.87"",""964"""
"08/24/2022,""101.01"",""101.58"",""100.68"",""101.37"",""1,474"""
"08/23/2022,""101.37"",""101.73"",""100.84"",""100.89"",""5,422"""
"08/22/2022,""102.03"",""102.03"",""101.13"",""101.55"",""3,393"""
"08/19/2022,""102.65"",""102.73"",""102.10"",""102.07"",""3,113"""
"08/18/2022,""102.00"",""102.66"",""101.95"",""102.64"",""2,877"""
"08/17/2022,""103.22"",""103.22"",""102.00"",""102.03"",""4,009"""
"08/16/2022,""102.84"",""103.20"",""102.35"",""102.74"",""12,316"""
"08/12/2022,""100.70"",""101.30"",""100.44"",""101.30"",""4,386"""
"08/11/2022,""100.51"",""100.90"",""100.09"",""100.47"",""1,880"""
"08/10/2022,""98.79"",""102.55"",""98.70"",""99.66"",""4,862"""
"08/09/2022,""99.73"",""99.77"",""98.78"",""98.99"",""1,494"""
"08/08/2022,""100.11"",""100.53"",""99.77"",""99.97"",""2,390"""
"08/05/2022,""99.66"",""99.76"",""99.01"",""99.26"",""9,262"""
"08/04/2022,""99.73"",""100.17"",""99.36"",""99.43"",""3,207"""
"08/03/2022,""98.72"",""99.86"",""98.59"",""99.79"",""3,925"""
"08/02/2022,""98.60"",""99.02"",""97.95"",""98.98"",""4,992"""
"08/01/2022,""98.97"",""99.29"",""98.35"",""98.89"",""7,864"""
"07/29/2022,""98.20"",""99.20"",""98.19"",""98.55"",""9,700"""
"07/28/2022,""97.00"",""98.00"",""96.75"",""98.02"",""5,210"""
"07/27/2022,""96.28"",""96.94"",""96.06"",""96.70"",""5,367"""
"07/26/2022,""95.87"",""96.50"",""95.73"",""95.81"",""2,668"""
"07/25/2022,""95.87"",""96.26"",""95.45"",""95.97"",""10,058"""
"07/22/2022,""96.26"",""96.85"",""95.97"",""95.97"",""7,087"""
"07/21/2022,""95.69"",""96.03"",""95.40"",""96.03"",""2,746"""
"07/20/2022,""95.25"",""95.86"",""95.00"",""95.77"",""7,268"""
"07/19/2022,""93.76"",""94.71"",""92.99"",""94.58"",""2,202"""
"07/18/2022,""94.74"",""95.15"",""94.40"",""94.46"",""8,017"""
"07/15/2022,""93.18"",""94.64"",""93.00"",""94.07"",""9,212"""
"07/14/2022,""93.66"",""94.85"",""92.30"",""92.73"",""5,961"""
"07/13/2022,""94.39"",""94.47"",""93.00"",""93.44"",""8,960"""
"07/12/2022,""94.39"",""95.03"",""94.22"",""94.75"",""6,471"""
"07/11/2022,""94.30"",""95.12"",""93.96"",""94.61"",""16,104"""
"07/08/2022,""94.88"",""95.71"",""94.59"",""95.26"",""19,063"""
"07/07/2022,""93.70"",""94.84"",""93.57"",""94.87"",""5,576"""
"07/06/2022,""92.83"",""93.34"",""92.40"",""92.86"",""908"""
"07/05/2022,""91.76"",""92.05"",""90.91"",""91.09"",""3,209"""
"07/04/2022,""91.23"",""91.36"",""90.96"",""91.24"",""9,550"""
"07/01/2022,""89.60"",""91.55"",""89.60"",""90.68"",""8,871"""
"06/30/2022,""90.60"",""90.96"",""89.90"",""90.53"",""12,316"""
"06/29/2022,""91.09"",""91.66"",""90.85"",""91.28"",""9,077"""
"06/28/2022,""92.66"",""93.44"",""92.15"",""92.07"",""23,749"""
"06/27/2022,""92.35"",""92.92"",""91.83"",""92.32"",""13,418"""
"06/24/2022,""90.64"",""91.89"",""90.46"",""91.83"",""2,318"""
"06/23/2022,""89.04"",""90.29"",""88.90"",""89.91"",""29,635"""
"06/22/2022,""88.91"",""89.83"",""88.30"",""89.41"",""3,872"""
"06/21/2022,""89.42"",""90.01"",""89.10"",""89.87"",""29,828"""
"06/20/2022,""88.47"",""88.94"",""88.17"",""88.83"",""5,983"""
"06/17/2022,""88.59"",""89.45"",""88.00"",""88.60"",""33,916"""
"06/16/2022,""90.76"",""90.78"",""88.00"",""88.32"",""22,663"""
"06/15/2022,""90.76"",""91.65"",""90.10"",""91.13"",""16,827"""
"06/14/2022,""91.53"",""91.65"",""90.28"",""90.38"",""7,446"""
"06/13/2022,""91.91"",""92.16"",""90.49"",""90.80"",""16,071"""
"06/10/2022,""94.81"",""95.14"",""93.10"",""93.11"",""9,619"""
"06/09/2022,""95.99"",""96.75"",""95.50"",""95.74"",""6,862"""
"06/08/2022,""97.02"",""97.02"",""96.17"",""96.54"",""10,474"""
"06/07/2022,""96.01"",""96.67"",""95.80"",""96.32"",""3,785"""
"06/06/2022,""96.85"",""97.43"",""96.29"",""96.74"",""7,481"""
"06/03/2022,""97.07"",""97.08"",""95.64"",""95.71"",""4,627"""
"06/02/2022,""96.21"",""96.51"",""95.73"",""96.26"",""1,344"""
"06/01/2022,""96.80"",""97.20"",""95.92"",""95.97"",""6,825"""
"05/31/2022,""96.67"",""97.00"",""96.10"",""96.21"",""5,310"""
"05/30/2022,""97.24"",""97.55"",""96.77"",""96.89"",""14,941"""
"05/27/2022,""94.72"",""96.20"",""94.54"",""96.21"",""3,991"""
"05/26/2022,""93.36"",""94.65"",""93.25"",""94.54"",""2,860"""
"05/25/2022,""93.11"",""93.54"",""92.50"",""93.34"",""6,929"""
"05/24/2022,""92.39"",""92.81"",""91.40"",""91.57"",""5,377"""
"05/23/2022,""93.95"",""94.11"",""92.61"",""93.56"",""9,632"""
"05/20/2022,""93.54"",""94.30"",""92.55"",""92.78"",""4,117"""
"05/19/2022,""93.49"",""93.56"",""92.28"",""92.61"",""5,788"""
"05/18/2022,""96.20"",""96.30"",""94.68"",""94.45"",""4,814"""
"05/17/2022,""95.84"",""96.68"",""95.31"",""95.80"",""3,262"""
"05/16/2022,""95.31"",""95.71"",""95.00"",""95.33"",""5,596"""
"05/13/2022,""94.41"",""95.94"",""94.33"",""95.71"",""9,506"""
"05/12/2022,""92.34"",""94.13"",""92.18"",""93.66"",""7,017"""
"05/11/2022,""93.82"",""94.80"",""93.00"",""94.34"",""3,722"""
"05/10/2022,""94.17"",""94.83"",""92.99"",""93.10"",""11,703"""
"05/09/2022,""95.83"",""95.98"",""93.67"",""93.67"",""7,972"""
"05/06/2022,""97.26"",""97.26"",""94.87"",""96.10"",""9,736"""
"05/05/2022,""99.82"",""99.85"",""97.25"",""97.50"",""2,616"""
"05/04/2022,""98.57"",""98.68"",""97.40"",""97.44"",""1,975"""
"05/03/2022,""98.29"",""98.65"",""97.74"",""98.51"",""10,723"""
"05/02/2022,""97.89"",""98.55"",""97.11"",""97.37"",""15,816"""
"04/29/2022,""100.00"",""100.20"",""99.06"",""99.24"",""3,725"""
"04/28/2022,""98.92"",""99.79"",""98.40"",""98.77"",""12,001"""
"04/27/2022,""97.55"",""98.69"",""97.12"",""98.23"",""8,861"""
"04/26/2022,""98.50"",""98.84"",""97.30"",""97.37"",""4,989"""
"04/25/2022,""97.51"",""98.00"",""97.00"",""97.26"",""8,977"""
"04/22/2022,""100.27"",""100.27"",""99.15"",""99.13"",""6,932"""
"04/21/2022,""101.01"",""101.74"",""100.92"",""101.24"",""3,108"""
"04/20/2022,""101.10"",""101.77"",""101.00"",""101.15"",""1,834"""
"04/19/2022,""100.98"",""101.26"",""99.93"",""101.23"",""12,589"""
"04/14/2022,""100.79"",""101.83"",""100.55"",""101.32"",""7,396"""
"04/13/2022,""100.91"",""100.92"",""100.35"",""100.68"",""989"""
"04/12/2022,""100.01"",""101.26"",""99.56"",""101.01"",""4,736"""
"04/11/2022,""101.24"",""101.53"",""100.45"",""100.52"",""27,965"""
"04/08/2022,""102.21"",""102.42"",""101.64"",""102.03"",""8,287"""
"04/07/2022,""101.37"",""101.75"",""100.75"",""100.81"",""13,656"""
"04/06/2022,""102.70"",""102.79"",""100.91"",""101.10"",""15,524"""
"04/05/2022,""103.15"",""103.44"",""102.80"",""102.90"",""3,615"""
"04/04/2022,""102.04"",""102.83"",""101.78"",""102.77"",""2,378"""
"04/01/2022,""101.49"",""102.11"",""101.37"",""101.46"",""13,800"""
"03/31/2022,""101.68"",""102.11"",""101.65"",""101.75"",""4,769"""
"03/30/2022,""102.40"",""102.46"",""101.75"",""101.80"",""7,439"""
"03/29/2022,""102.27"",""102.75"",""102.00"",""102.27"",""4,955"""
"03/28/2022,""101.70"",""102.16"",""101.59"",""101.63"",""3,856"""
"03/25/2022,""101.00"",""101.60"",""100.93"",""101.21"",""1,666"""
"03/24/2022,""101.08"",""101.17"",""100.42"",""100.91"",""3,516"""
"03/23/2022,""101.30"",""101.34"",""100.88"",""100.84"",""3,770"""
"03/22/2022,""100.58"",""101.26"",""100.36"",""101.00"",""2,942"""
"03/21/2022,""100.00"",""100.20"",""99.53"",""99.95"",""7,575"""
"03/18/2022,""98.56"",""99.46"",""98.30"",""99.39"",""4,700"""
"03/17/2022,""98.28"",""98.28"",""97.45"",""97.96"",""8,849"""
"03/16/2022,""96.96"",""97.91"",""96.90"",""97.72"",""4,587"""
"03/15/2022,""93.52"",""95.50"",""93.01"",""95.45"",""8,289"""
"03/14/2022,""95.87"",""95.94"",""94.65"",""94.72"",""6,187"""
"03/11/2022,""95.93"",""97.00"",""95.70"",""95.97"",""2,770"""
"03/10/2022,""96.05"",""96.09"",""94.50"",""94.91"",""4,627"""
"03/09/2022,""95.28"",""95.99"",""95.07"",""95.37"",""28,546"""
"03/08/2022,""94.73"",""95.69"",""94.30"",""94.42"",""10,649"""
"03/07/2022,""96.51"",""97.50"",""95.62"",""96.50"",""7,067"""
"03/04/2022,""97.91"",""98.00"",""96.74"",""97.08"",""6,921"""
"03/03/2022,""98.52"",""99.00"",""97.70"",""97.91"",""8,336"""
"03/02/2022,""97.12"",""98.40"",""96.90"",""98.32"",""3,555"""
"03/01/2022,""98.41"",""98.41"",""97.17"",""97.53"",""11,379"""
"02/28/2022,""97.00"",""97.89"",""96.55"",""97.80"",""10,026"""
"02/25/2022,""95.79"",""97.46"",""95.45"",""97.46"",""6,936"""
"02/24/2022,""93.31"",""95.05"",""92.80"",""94.69"",""17,062"""
"02/23/2022,""96.90"",""97.25"",""95.92"",""96.05"",""1,737"""
"02/22/2022,""95.80"",""97.31"",""95.80"",""96.65"",""24,523"""
"02/21/2022,""97.76"",""97.83"",""96.36"",""96.43"",""6,685"""
"02/18/2022,""98.31"",""98.44"",""97.33"",""97.52"",""6,241"""
"02/17/2022,""99.38"",""99.38"",""98.50"",""98.66"",""1,524"""
"02/16/2022,""99.32"",""99.77"",""98.86"",""99.03"",""7,394"""
"02/15/2022,""98.35"",""99.50"",""98.33"",""99.22"",""5,486"""
"02/14/2022,""98.36"",""98.67"",""97.42"",""98.43"",""7,674"""
"02/11/2022,""99.50"",""100.03"",""99.15"",""99.53"",""4,909"""
"02/10/2022,""100.88"",""100.94"",""100.00"",""100.14"",""2,429"""
"02/09/2022,""99.80"",""100.72"",""99.80"",""100.57"",""2,703"""
"02/08/2022,""98.86"",""99.23"",""98.50"",""99.07"",""11,421"""
"02/07/2022,""98.86"",""99.11"",""98.22"",""98.85"",""5,459"""
"02/04/2022,""99.22"",""99.27"",""97.71"",""98.01"",""3,168"""
"02/03/2022,""100.75"",""100.77"",""99.24"",""99.08"",""3,136"""
"02/02/2022,""101.37"",""102.27"",""100.81"",""100.96"",""23,496"""
"02/01/2022,""100.35"",""100.81"",""100.00"",""100.60"",""54,831"""
"01/31/2022,""99.42"",""100.11"",""98.95"",""99.63"",""3,977"""
"01/28/2022,""98.38"",""98.43"",""96.70"",""98.14"",""10,382"""
"01/27/2022,""96.97"",""99.60"",""96.97"",""98.85"",""6,177"""
"01/26/2022,""97.85"",""99.14"",""97.85"",""98.65"",""53,646"""
"01/25/2022,""97.25"",""98.00"",""96.35"",""97.12"",""15,979"""
"01/24/2022,""98.93"",""99.21"",""95.86"",""95.95"",""20,184"""
"01/21/2022,""100.02"",""100.16"",""98.75"",""99.92"",""34,512"""
"01/20/2022,""101.12"",""102.20"",""100.85"",""102.10"",""11,386"""
"01/19/2022,""100.82"",""101.96"",""100.82"",""101.20"",""4,601"""
"01/18/2022,""101.92"",""102.26"",""101.20"",""101.65"",""7,140"""
"01/17/2022,""102.21"",""102.71"",""102.15"",""102.62"",""7,106"""
"01/14/2022,""101.97"",""102.27"",""101.40"",""101.76"",""12,395"""
"01/13/2022,""103.00"",""103.45"",""102.89"",""103.07"",""9,241"""
"01/12/2022,""103.77"",""103.93"",""103.20"",""103.37"",""3,653"""
"01/11/2022,""102.78"",""103.28"",""102.42"",""102.97"",""4,529"""
"01/10/2022,""103.14"",""103.21"",""101.20"",""101.74"",""6,267"""
"01/07/2022,""103.29"",""103.55"",""102.43"",""102.75"",""4,050"""
"01/06/2022,""103.41"",""103.68"",""102.70"",""103.40"",""7,597"""
"01/05/2022,""105.10"",""105.22"",""104.80"",""104.93"",""2,789"""
"01/04/2022,""105.47"",""105.83"",""104.92"",""105.16"",""7,427"""
"01/03/2022,""104.70"",""105.20"",""104.50"",""104.93"",""7,850"""
"12/30/2021,""104.68"",""105.11"",""104.64"",""104.94"",""995"""
"12/29/2021,""104.90"",""105.18"",""104.05"",""104.27"",""1,720"""
"12/28/2021,""104.79"",""105.25"",""104.67"",""104.92"",""1,305"""
"12/27/2021,""103.49"",""104.45"",""103.11"",""104.39"",""3,974"""
"12/23/2021,""103.02"",""103.81"",""103.02"",""103.78"",""1,710"""
"12/22/2021,""102.27"",""102.77"",""102.00"",""102.71"",""1,530"""
"12/21/2021,""101.44"",""101.81"",""101.11"",""101.76"",""6,065"""
"12/20/2021,""100.56"",""100.97"",""100.05"",""100.10"",""10,319"""
"12/17/2021,""102.37"",""102.87"",""101.38"",""102.72"",""5,005"""
"12/16/2021,""103.64"",""104.15"",""102.98"",""103.23"",""14,446"""
"12/15/2021,""102.27"",""102.48"",""101.73"",""101.73"",""4,202"""
"12/14/2021,""103.10"",""103.10"",""101.66"",""101.77"",""1,816"""
"12/13/2021,""103.56"",""104.05"",""102.60"",""102.66"",""4,996"""
"12/10/2021,""102.99"",""103.60"",""102.86"",""102.97"",""2,116"""
"12/09/2021,""103.33"",""103.45"",""103.11"",""103.50"",""2,344"""
"12/08/2021,""103.71"",""104.00"",""103.00"",""103.20"",""6,188"""
"12/07/2021,""102.41"",""103.95"",""102.29"",""103.89"",""9,618"""
"12/06/2021,""100.93"",""101.40"",""100.13"",""101.29"",""7,882"""
"12/03/2021,""101.29"",""101.55"",""99.86"",""100.23"",""6,438"""
"12/02/2021,""100.50"",""100.91"",""99.65"",""100.60"",""9,528"""
"12/01/2021,""101.33"",""102.30"",""101.25"",""102.19"",""18,417"""
